<HBProfile>
	<Name>Hand of the Prophet Dailies</Name>
	
	
	<MinDurability>0.2</MinDurability>
	<MinFreeBagSlots>2</MinFreeBagSlots>

	<MailGrey>false</MailGrey>
	<MailWhite>false</MailWhite>
	<MailGreen>false</MailGreen>
	<MailBlue>true</MailBlue>
	<MailPurple>true</MailPurple>

	<SellGrey>true</SellGrey>
	<SellWhite>true</SellWhite>
	<SellGreen>true</SellGreen>
	<SellBlue>false</SellBlue>
	<SellPurple>false</SellPurple>

	<Blackspots>
		<Blackspot X="4809.82" Y="-214.9371" Z="3.513144" Radius="10.45735" /> <!-- Iron Horde Banner up on elevated location -->
	</Blackspots>

	<Vendors>
		<Vendor Name="Forika the Seer" Entry="93178" Type="Repair" Nav="Fly" X="4567.845" Y="360.5729" Z="221.1745" /> <!-- Neutral -->
		<Vendor Name="Veetra the Tender" Entry="92069" Type="Repair" Nav="Fly" X="3527.068" Y="-763.809" Z="40.33412" /> <!-- Neutral -->
		<Vendor Name="Thaesus" Entry="90977" Type="Repair" Nav="Fly" X="3823.288" Y="-1371.474" Z="95.44617" /> <!-- Alliance -->
	</Vendors>

	<Mailboxes>
		<Mailbox X="3843.123" Y="-1341.004" Z="93.79218" />
	</Mailboxes>

	<QuestOrder>
		<If Condition="!Me.IsAlliance" > <!-- Not using Me.IsHorde to make it more future proof. :P -->
			<CustomBehavior File="UserDialog" AllowBotStop="true" SoundCue="Exclamation" SoundCueInterval="1" Text="This profile is Alliance only." />
		</If>

		<!-- Insert Navigation to get to Lion's Watch -->

		<!-- Introductory Quests -->
			<If Condition="!IsQuestCompleted(38446)" >
				<PickUp Nav="Fly" QuestName="The Battle for the West" QuestId="38581" GiverName="Exarch Yrel" GiverId="90309" />
				<If Condition="HasQuest(38581) &amp;&amp; (!IsObjectiveComplete(1, 38581) || Unit(90960) != null)" >
					<MoveTo Nav="Fly" DestName="Skyguard Thann" X="3874.379" Y="-1312.062" Z="90.48894" />
					<CustomBehavior File="InteractWith" MobId="90960" InteractByGossipOptions="2" X="3876.641" Y="-1310.991" Z="90.41825" />
				</If>
				<TurnIn Nav="Fly" QuestName="The Battle for the West" QuestId="38581" TurnInName="Exarch Maladaar" TurnInId="91935" />
				<PickUp Nav="Fly" QuestName="Commander in the Field!" QuestId="38446" GiverName="Exarch Maladaar" GiverId="91935" />
				<DisableBehavior Name="Pull" />
				<CustomBehavior File="InteractWith" QuestId="38446" QuestObjectiveIndex="1" MobId="91942" X="3729.331" Y="151.75" Z="56.25351" />
				<CustomBehavior File="InteractWith" QuestId="38446" QuestObjectiveIndex="2" MobId="91945" X="4574.01" Y="345.125" Z="221.041" />
				<CustomBehavior File="InteractWith" QuestId="38446" QuestObjectiveIndex="3" MobId="91968" X="4460.054" Y="-565.7136" Z="50.30359" />
				<TurnIn Nav="Fly" QuestName="Commander in the Field!" QuestId="38446" TurnInName="Exarch Yrel" TurnInId="90309" />
				<EnableBehavior Name="Pull" />
			</If>
		<!-- END Introductory Quests -->

		<!-- Randomized Daily from Parvink -->
			<If Condition="!(HasQuest(39582) || HasQuest(39581) || HasQuest(39586)) &amp;&amp; !(IsQuestCompleted(39582) || IsQuestCompleted(39581) || IsQuestCompleted(39586))" >
				<CustomBehavior File="RunCode" Code="Logging.Write(System.Windows.Media.Colors.Yellow, &quot;[Notification]: Checking Parvink for dailies.&quot;);" />
				<MoveTo Nav="Fly" DestName="Parvink" X="3842.831" Y="-1328.245" Z="92.13056" />
				<CustomBehavior File="InteractWith" MobId="96147" Range="5" WaitTime="500" X="3840.701" Y="-1327.689" Z="94.02097" />
				<If Condition="Lua.GetReturnVal&lt;bool&gt;(&quot;return QuestFrameDetailPanel:IsVisible();&quot;, 0)" >
					<CustomBehavior File="RunCode" Code="Logging.Write(System.Windows.Media.Colors.Yellow, &quot;[Notification]: Choosing quest from Parvink.&quot;);" />
					<CustomBehavior File="Misc\RunLua" Lua="QuestFrameAcceptButton:Click();" />
					<CustomBehavior File="WaitTimer" WaitTime="500" />
					<ElseIf Condition="Lua.GetReturnVal&lt;bool&gt;(&quot;return QuestTitleButton2:IsVisible();&quot;, 0)" > <!-- If player has quest from previous day -->
						<CustomBehavior File="RunCode" Code="Logging.Write(System.Windows.Media.Colors.Yellow, &quot;[Notification]: Choosing second quest from Parvink.&quot;);" />
						<CustomBehavior File="Misc\RunLua" Lua="QuestTitleButton2:Click();" />
						<CustomBehavior File="WaitTimer" WaitTime="500" />
						<CustomBehavior File="Misc\RunLua" Lua="QuestFrameAcceptButton:Click();" />
						<CustomBehavior File="WaitTimer" WaitTime="500" />
					</ElseIf>
					<Else>
						<CustomBehavior File="RunCode" Code="Logging.Write(System.Windows.Media.Colors.Yellow, &quot;[Notification]: Parvink doesn't seem to be offering a quest at the moment.&quot;);" />
					</Else>
				</If>
			</If>
		<!-- END Randomized Daily from Parvink -->

		<!-- Randomized Daily from Tanaan Battle Plan -->
			<While Condition="!(HasQuest(37891) || HasQuest(37968) || HasQuest(38046) || HasQuest(38045) || HasQuest(38250) || HasQuest(38440)) &amp;&amp; !(IsQuestCompleted(37891) || IsQuestCompleted(37968) || IsQuestCompleted(38046) || IsQuestCompleted(38045) || IsQuestCompleted(38250) || IsQuestCompleted(38440))" >
				<CustomBehavior File="RunCode" Code="Logging.Write(System.Windows.Media.Colors.Yellow, &quot;[Notification]: Checking Tanaan Planning map.&quot;);" />
				<MoveTo Nav="Fly" DestName="Tanaan Planning Map" X="3822.575" Y="-1360.395" Z="94.93047" />
				<CustomBehavior File="InteractWith" MobId="239902" NonCompeteDistance="0" Range="5" WaitTime="500" X="3817.707" Y="-1363.149" Z="95.86454" />
				<If Condition="Lua.GetReturnVal&lt;bool&gt;(&quot;return QuestChoiceFrame:IsVisible();&quot;, 0)" >
					<CustomBehavior File="RunCode" Code="Logging.Write(System.Windows.Media.Colors.Yellow, &quot;[Notification]: Choosing quest from Tanaan Planning Map.&quot;);" />
					<CustomBehavior File="Misc\RunLua" Lua="QuestChoiceFrameOption1.OptionButton:Click();" />
					<CustomBehavior File="WaitTimer" WaitTime="500" />
				</If>
				<If Condition="HasQuest(38585)" > <!-- If we pick up a group quest. -->
					<CustomBehavior File="RunCode" Code="Logging.Write(System.Windows.Media.Colors.Yellow, &quot;[Notification]: Picked up a group quest, abandoning it to choose a solo quest.&quot;);" />
					<CustomBehavior File="AbandonQuest" QuestId="38585" />
					<CustomBehavior File="WaitTimer" WaitTime="500" />
					<CustomBehavior File="InteractWith" MobId="239902" NonCompeteDistance="0" Range="5" WaitTime="500" X="3817.707" Y="-1363.149" Z="95.86454" />
					<If Condition="Lua.GetReturnVal&lt;bool&gt;(&quot;return QuestChoiceFrame:IsVisible();&quot;, 0)" >
						<CustomBehavior File="RunCode" Code="Logging.Write(System.Windows.Media.Colors.Yellow, &quot;[Notification]: Choosing quest from Tanaan Planning Map.&quot;);" />
						<CustomBehavior File="Misc\RunLua" Lua="QuestChoiceFrameOption2.OptionButton:Click();" />
						<CustomBehavior File="WaitTimer" WaitTime="500" />
					</If>
				</If>
			</While>
		<!-- END Randomized Daily from Tanaan Battle Plan -->

		<!-- DO Randomized Daily from Tanaan Battle Plan -->
			<While Condition="HasQuest(37891) &amp;&amp; !IsQuestCompleted(37891)" > <!-- Assault on Ironhold Harbor -->
				<CustomBehavior File="RunCode" Code="Logging.Write(System.Windows.Media.Colors.Yellow, &quot;[Notification]: Quest Detected - Assault on Ironhold Harbor.&quot;);" />
				<If Condition="!HasQuest(37866)" >
					<DisableBehavior Name="Pull" />
					<MoveTo Nav="Fly" DestName="Ironhold Harbor" X="4583.305" Y="-399.9979" Z="10.69125" />
					<CustomBehavior File="WaitTimer" WaitTime="10000" TerminateWhen="HasQuest(37866)" />
					<EnableBehavior Name="Pull" />
				</If>
				<CustomBehavior File="InteractWith" QuestId="37891" ProactiveCombatStrategy="ClearMobsThatWillAggro" IgnoreMobsInBlackspots="true" NumOfTimes="1000" MobIds="239839, 90433" >
					<HuntingGrounds> <!-- 90069, True Iron Bomb.  Need to click on a tank after picking it up.  Could also just have it click the player's location. -->
						<Hotspot X="4583.305" Y="-399.9979" Z="10.69125" />
						<Hotspot X="4592.449" Y="-238.1564" Z="10.7333" />
						<Hotspot X="4770.981" Y="-244.9629" Z="4.211271" />
						<Hotspot X="4786.581" Y="-386.6306" Z="4.258256" />
						<Hotspot X="4644.233" Y="-483.5012" Z="21.41648" />
						<Hotspot X="4581.786" Y="-506.2161" Z="21.41869" />
					</HuntingGrounds>
				</CustomBehavior>
			</While>
			<If Condition="HasQuest(37891) &amp;&amp; IsQuestCompleted(37891)" >
				<DisableBehavior Name="Pull" />
				<TurnIn Nav="Fly" QuestName="Assault on Ironhold Harbor" QuestId="37891" TurnInName="Exarch Yrel" TurnInId="90309" />
				<EnableBehavior Name="Pull" />
			</If>

			<While Condition="HasQuest(37968) &amp;&amp; !IsQuestCompleted(37968)" > <!-- Assault on the Temple of Sha'naar -->
				<CustomBehavior File="RunCode" Code="Logging.Write(System.Windows.Media.Colors.Yellow, &quot;[Notification]: Quest Detected - Assault on the Temple of Sha'naar.&quot;);" />
				<If Condition="!HasQuest(37966)" >
					<DisableBehavior Name="Pull" />
					<MoveTo Nav="Fly" DestName="Temple of Sha'naar" X="3612.619" Y="183.9686" Z="129.547" />
					<CustomBehavior File="WaitTimer" WaitTime="10000" TerminateWhen="HasQuest(37966)" />
					<EnableBehavior Name="Pull" />
				</If>
				<CustomBehavior File="InteractWith" QuestId="37968" ProactiveCombatStrategy="ClearMobsThatWillAggro" NumOfTimes="1000" MobIds="240165, 240173, 90501, 90302, 90703, 92597" >
					<HuntingGrounds>
						<Hotspot X="3542.274" Y="208.3379" Z="139.7317" />
						<Hotspot X="3477.852" Y="148.2731" Z="149.7003" />
						<Hotspot X="3373.623" Y="193.0933" Z="142.2587" />
						<Hotspot X="3230.743" Y="427.2223" Z="141.9848" />
						<Hotspot X="3162.375" Y="339.8207" Z="142.0875" />
						<Hotspot X="3247.615" Y="340.6584" Z="116.3673" />
						<Hotspot X="3413.355" Y="67.35248" Z="162.0322" />
					</HuntingGrounds>
				</CustomBehavior>
			</While>
			<If Condition="HasQuest(37968) &amp;&amp; IsQuestCompleted(37968)" >
				<DisableBehavior Name="Pull" />
				<TurnIn Nav="Fly" QuestName="Assault on the Temple of Sha'naar" QuestId="37968" TurnInName="Exarch Yrel" TurnInId="90309" />
				<EnableBehavior Name="Pull" />
			</If>

			<While Condition="HasQuest(38046) &amp;&amp; !IsQuestCompleted(38046)" > <!-- Battle At The Iron Front -->
				<CustomBehavior File="RunCode" Code="Logging.Write(System.Windows.Media.Colors.Yellow, &quot;[Notification]: Quest Detected - Battle At The Iron Front.&quot;);" />
				<If Condition="!HasQuest(38051)" >
					<DisableBehavior Name="Pull" />
					<MoveTo Nav="Fly" DestName="The Iron Front" X="3893.965" Y="842.2295" Z="152.6835" />
					<CustomBehavior File="WaitTimer" WaitTime="10000" TerminateWhen="HasQuest(38051)" />
					<EnableBehavior Name="Pull" />
				</If>
				<CustomBehavior File="InteractWith" QuestId="38046" ProactiveCombatStrategy="ClearMobsThatWillAggro" NumOfTimes="1000" MobIds="90794, 90300, 90706, 90795, 90790, 90792, 90791" >
					<HuntingGrounds>
						<Hotspot X="4560.763" Y="443.0881" Z="229.8193" />
						<Hotspot X="4526.892" Y="518.3264" Z="229.262" />
						<Hotspot X="4475.299" Y="649.1726" Z="191.4169" />
						<Hotspot X="4496.495" Y="744.3486" Z="181.2569" />
						<Hotspot X="4477.998" Y="792.3724" Z="181.1873" />
						<Hotspot X="4368.549" Y="871.2369" Z="175.4837" />
					</HuntingGrounds>
				</CustomBehavior>
			</While>
			<If Condition="HasQuest(38046) &amp;&amp; IsQuestCompleted(38046)" >
				<DisableBehavior Name="Pull" />
				<TurnIn Nav="Fly" QuestName="Battle At The Iron Front" QuestId="38046" TurnInName="Exarch Yrel" TurnInId="90309" />
				<EnableBehavior Name="Pull" />
			</If>

			<While Condition="HasQuest(38045) &amp;&amp; !IsQuestCompleted(38045)" > <!-- Bleeding the Bleeding Hollow -->
				<CustomBehavior File="RunCode" Code="Logging.Write(System.Windows.Media.Colors.Yellow, &quot;[Notification]: Quest Detected - Bleeding the Bleeding Hollow.&quot;);" />
				<If Condition="!HasQuest(38043)" > <!-- Check ID, higher than Horde, but I think I got this number from DevTools -->
					<DisableBehavior Name="Pull" />
					<MoveTo Nav="Fly" DestName="Zeth'gol" X="4245.792" Y="390.4549" Z="153.8195" />
					<CustomBehavior File="WaitTimer" WaitTime="10000" TerminateWhen="HasQuest(38043)" />
					<EnableBehavior Name="Pull" />
				</If>
				<CustomBehavior File="InteractWith" QuestId="38045" ProactiveCombatStrategy="ClearMobsThatWillAggro" NumOfTimes="1000" MobIds="90704" >
					<!--  90781 goes with InteractWith, but requires to be used after interacting. -->
					<HuntingGrounds>
						<Hotspot X="4310.75" Y="431.8437" Z="175.2454" />
						<Hotspot X="4318.75" Y="372.2255" Z="176.6174" />
						<Hotspot X="4223.525" Y="552.8775" Z="173.4002" />
						<Hotspot X="4152.482" Y="654.0584" Z="162.6546" />
						<Hotspot X="4117.844" Y="594.8691" Z="162.812" />
					</HuntingGrounds>
				</CustomBehavior>
			</While>
			<If Condition="HasQuest(38045) &amp;&amp; IsQuestCompleted(38045)" >
				<DisableBehavior Name="Pull" />
				<TurnIn Nav="Fly" QuestName="Bleeding the Bleeding Hollow" QuestId="38045" TurnInName="Exarch Yrel" TurnInId="90309" />
				<EnableBehavior Name="Pull" />
			</If>

			<While Condition="HasQuest(38250) &amp;&amp; !IsQuestCompleted(38250)" > <!-- Assault on the Ruins of Kra'nak -->
				<CustomBehavior File="RunCode" Code="Logging.Write(System.Windows.Media.Colors.Yellow, &quot;[Notification]: Quest Detected - Assault on the Ruins of Kra'nak.&quot;);" />
				<If Condition="!HasQuest(37938)" >
					<DisableBehavior Name="Pull" />
					<MoveTo Nav="Fly" DestName="Ruins of Kra'nak" X="4546.603" Y="484.6314" Z="226.6398" />
					<CustomBehavior File="WaitTimer" WaitTime="10000" TerminateWhen="HasQuest(37938)" />
					<EnableBehavior Name="Pull" />
				</If>
				<CustomBehavior File="InteractWith" QuestId="38250" ProactiveCombatStrategy="ClearMobsThatWillAggro" NumOfTimes="1000" MobIds="90794, 90300, 90706, 90795, 90790, 90792, 90791, 90796" >
					<HuntingGrounds>
						<Hotspot X="4560.763" Y="443.0881" Z="229.8193" />
						<Hotspot X="4526.892" Y="518.3264" Z="229.262" />
						<Hotspot X="4475.299" Y="649.1726" Z="191.4169" />
						<Hotspot X="4496.495" Y="744.3486" Z="181.2569" />
						<Hotspot X="4477.998" Y="792.3724" Z="181.1873" />
						<Hotspot X="4368.549" Y="871.2369" Z="175.4837" />
					</HuntingGrounds>
				</CustomBehavior>
			</While>
			<If Condition="HasQuest(38250) &amp;&amp; IsQuestCompleted(38250)" >
				<DisableBehavior Name="Pull" />
				<TurnIn Nav="Fly" QuestName="Assault on the Ruins of Kra'nak" QuestId="38250" TurnInName="Exarch Yrel" TurnInId="90309" />
				<EnableBehavior Name="Pull" />
			</If>

			<While Condition="HasQuest(38440) &amp;&amp; !IsQuestCompleted(38440)" > <!-- Assault on The Fel Forge -->
				<CustomBehavior File="RunCode" Code="Logging.Write(System.Windows.Media.Colors.Yellow, &quot;[Notification]: Quest Detected - Assault on The Fel Forge.&quot;);" />
				<If Condition="!HasQuest(37970)" > <!-- Assault on the Fel Forge -->
					<DisableBehavior Name="Pull" />
					<MoveTo Nav="Fly" DestName="The Fel Forge" X="3612.619" Y="183.9686" Z="129.547" />
					<CustomBehavior File="WaitTimer" WaitTime="10000" TerminateWhen="HasQuest(37970)" />
					<EnableBehavior Name="Pull" />
				</If>
				<CustomBehavior File="InteractWith" MobIds="241669" QuestId="38440" NumOfTimes="1000" >
					<!--Objects 91901, 92741 - Gives ExtraActionButton to player to cast ability, can't loot anymore until cast.  Have InteractWith terminate and cast spell.
						ExtraActionButton spell:  Hellfire Shot (183813)
						Goes away after a while. -->
					<HuntingGrounds>
						<Hotspot X="4421.958" Y="-871.004" Z="43.66127" />
						<Hotspot X="4233.836" Y="-831.981" Z="25.86019" />
						<Hotspot X="4322.664" Y="-1037.712" Z="21.86206" />
						<Hotspot X="4387.688" Y="-959.9526" Z="35.74992" />
						<Hotspot X="4471.273" Y="-949.8047" Z="41.18494" />
						<Hotspot X="4508.456" Y="-754.2703" Z="47.78214" />
					</HuntingGrounds>
				</CustomBehavior>
			</While>
			<If Condition="HasQuest(38440) &amp;&amp; IsQuestCompleted(38440)" >
				<DisableBehavior Name="Pull" />
				<TurnIn Nav="Fly" QuestName="Assault on The Fel Forge" QuestId="38440" TurnInName="Exarch Yrel" TurnInId="90309" />
				<EnableBehavior Name="Pull" />
			</If>

			<!-- <While Condition="HasQuest(38585) &amp;&amp; !IsQuestCompleted(38585)" > [GROUP] Assault on the Throne of Kil'jaeden 
				<CustomBehavior File="RunCode" Code="Logging.Write(System.Windows.Media.Colors.Yellow, &quot;[Notification]: Quest Detected - Assault on the Throne of Kil'jaeden.&quot;);" />
				<CustomBehavior File="Abandon"
			</While>-->
		<!-- END DO Randomized Daily from Tanaan Battle Plan -->

		<!-- Daily from Vindicator Krethos -->
			<If Condition="!HasQuest(39574) &amp;&amp; !IsQuestCompleted(39574)" >
				<PickUp Nav="Fly" QuestName="Pressing the Attack" QuestId="39574" GiverName="Vindicator Krethos" GiverId="90974" /> 
			</If>
		<!-- END Daily from Vindicator Krethos -->

		<!-- Randomized Daily from Vindicator Krethos -->
			<If Condition="!(HasQuest(39573) || HasQuest(39571) || HasQuest(39570) || HasQuest(39569) || HasQuest(39568) || HasQuest(39567)) &amp;&amp; !(IsQuestCompleted(39573) || IsQuestCompleted(39571) || IsQuestCompleted(39570) || IsQuestCompleted(39569) || IsQuestCompleted(39568) || IsQuestCompleted(39567))" >
				<CustomBehavior File="RunCode" Code="Logging.Write(System.Windows.Media.Colors.Yellow, &quot;[Notification]: Checking Vindicator Krethos.&quot;);" />
				<MoveTo Nav="Fly" DestName="Tanaan Planning Map" X="3822.575" Y="-1360.395" Z="94.93047" />
				<CustomBehavior File="InteractWith" MobId="90974" WaitTime="500" X="3816.47" Y="-1359.184" Z="94.92278" />
				<If Condition="Lua.GetReturnVal&lt;bool&gt;(&quot;return GossipFrameGreetingPanel:IsVisible();&quot;, 0)" >
					<CustomBehavior File="RunCode" Code="Logging.Write(System.Windows.Media.Colors.Yellow, &quot;[Notification]: Choosing quest from Vindicator Krethos.&quot;);" />
					<CustomBehavior File="Misc\RunLua" Lua="GossipTitleButton1:Click();" />
					<CustomBehavior File="WaitTimer" WaitTime="500" />
					<CustomBehavior File="Misc\RunLua" Lua="QuestFrameAcceptButton:Click();" />
					<CustomBehavior File="WaitTimer" WaitTime="500" />
				</If>
			</If>
		<!-- END Randomized Daily from Vindicator Krethos -->

		<!-- DO Randomized Daily from Vindicator Krethos -->
			<While Condition="HasQuest(39573) &amp;&amp; !IsQuestCompleted(39573)" > <!-- [GROUP] Harnessing Their Power -->
				<CustomBehavior File="UserDialog" AllowBotStop="True" SoundCue="Exclamation" SoundCueInterval="2" ExpiryTime="45" Text="[WARNING]\n\nThe daily we picked up is a group quest.\n\nIf you continue, the bot will attempt to finish it however you may get into a death loop if you are undergeared or a caster class." />
				<CustomBehavior File="RunCode" Code="Logging.Write(System.Windows.Media.Colors.Yellow, &quot;[Notification]: Quest Detected - Harnessing Their Power.&quot;);" />
				<MoveTo Nav="Fly" DestName="The Iron Front" X="4025.265" Y="1064.812" Z="167.5833" />
				<CustomBehavior File="KillUntilComplete" QuestId="39573" MobId="90585" >
					<HuntingGrounds>
						<Hotspot X="3970.267" Y="1030.804" Z="163.2329" />
						<Hotspot X="3959.172" Y="859.4688" Z="152.6836" />
						<Hotspot X="3916.792" Y="875.9639" Z="152.6842" />
					</HuntingGrounds>
				</CustomBehavior>
			</While>
			<If Condition="HasQuest(39573) &amp;&amp; IsQuestCompleted(39573)" >
				<DisableBehavior Name="Pull" />
				<TurnIn Nav="Fly" QuestName="Harnessing Their Power" QuestId="39573" TurnInName="Vindicator Krethos" TurnInId="90974" />
				<EnableBehavior Name="Pull" />
			</If>

			<While Condition="HasQuest(39571) &amp;&amp; !IsQuestCompleted(39571)" > <!-- Disarming Sha'naar -->
				<CustomBehavior File="RunCode" Code="Logging.Write(System.Windows.Media.Colors.Yellow, &quot;[Notification]: Quest Detected - Assault on Disarming Sha'naar.&quot;);" />
				<CustomBehavior File="InteractWith" QuestId="39571" ProactiveCombatStrategy="ClearMobsThatWillAggro" NumOfTimes="1000" MobIds="243794" >
					<HuntingGrounds>
						<Hotspot X="3542.274" Y="208.3379" Z="139.7317" />
						<Hotspot X="3477.852" Y="148.2731" Z="149.7003" />
						<Hotspot X="3373.623" Y="193.0933" Z="142.2587" />
						<Hotspot X="3230.743" Y="427.2223" Z="141.9848" />
						<Hotspot X="3162.375" Y="339.8207" Z="142.0875" />
						<Hotspot X="3247.615" Y="340.6584" Z="116.3673" />
						<Hotspot X="3413.355" Y="67.35248" Z="162.0322" />
					</HuntingGrounds>
				</CustomBehavior>
			</While>
			<If Condition="HasQuest(39571) &amp;&amp; IsQuestCompleted(39571)" >
				<DisableBehavior Name="Pull" />
				<TurnIn Nav="Fly" QuestName="Disarming Sha'naar" QuestId="39571" TurnInName="Vindicator Krethos" TurnInId="90974" />
				<EnableBehavior Name="Pull" />
			</If>

			<While Condition="HasQuest(39570) &amp;&amp; !IsQuestCompleted(39570)" > <!-- Secrets of the Shadow Council -->
				<CustomBehavior File="RunCode" Code="Logging.Write(System.Windows.Media.Colors.Yellow, &quot;[Notification]: Quest Detected - Secrets of the Shadow Council.&quot;);" />
				<CustomBehavior File="KillUntilComplete" QuestId="39570" MobIds="90649, 90607, 90312, 90654, 89748" >
					<HuntingGrounds>
						<Hotspot X="4560.763" Y="443.0881" Z="229.8193" />
						<Hotspot X="4526.892" Y="518.3264" Z="229.262" />
						<Hotspot X="4475.299" Y="649.1726" Z="191.4169" />
						<Hotspot X="4496.495" Y="744.3486" Z="181.2569" />
						<Hotspot X="4477.998" Y="792.3724" Z="181.1873" />
						<Hotspot X="4368.549" Y="871.2369" Z="175.4837" />
					</HuntingGrounds>
				</CustomBehavior>
			</While>
			<If Condition="HasQuest(39570) &amp;&amp; IsQuestCompleted(39570)" >
				<DisableBehavior Name="Pull" />
				<TurnIn Nav="Fly" QuestName="Secrets of the Shadow Council" QuestId="39570" TurnInName="Vindicator Krethos" TurnInId="90974" />
				<EnableBehavior Name="Pull" />
			</If>
			<!-- Could wedge Pavkin's second quest here -->

			<While Condition="HasQuest(39586) &amp;&amp; !IsQuestCompleted(39586)" > <!-- [Pavnik] Bringing Down the Iron Horde -->
				<CustomBehavior File="RunCode" Code="Logging.Write(System.Windows.Media.Colors.Yellow, &quot;[Notification]: Quest Detected - Bringing Down the Iron Horde.&quot;);" />
				<CustomBehavior File="KillUntilComplete" MobIds="90066, 91760, 91764, 91721, 89754, 93370" QuestId="39586" >
					<HuntingGrounds>
						<Hotspot X="4314.433" Y="-1025.236" Z="21.86001" />
						<Hotspot X="4378.459" Y="-914.2455" Z="34.72607" />
						<Hotspot X="4478.62" Y="-985.8022" Z="38.02435" />
						<Hotspot X="4668.208" Y="-878.8555" Z="99.33451" />
					</HuntingGrounds>
				</CustomBehavior>
			</While>
			<While Condition="HasQuest(39569) &amp;&amp; !IsQuestCompleted(39569)" > <!-- Breaking Their Fel Bonds -->
				<CustomBehavior File="RunCode" Code="Logging.Write(System.Windows.Media.Colors.Yellow, &quot;[Notification]: Quest Detected - Breaking Their Fel Bonds.&quot;);" />
				<CustomBehavior File="KillUntilComplete" MobIds="90066, 91760, 91721, 89754, 93370" QuestId="39569" >
					<HuntingGrounds>
						<Hotspot X="4314.433" Y="-1025.236" Z="21.86001" />
						<Hotspot X="4378.459" Y="-914.2455" Z="34.72607" />
						<Hotspot X="4478.62" Y="-985.8022" Z="38.02435" />
						<Hotspot X="4668.208" Y="-878.8555" Z="99.33451" />
					</HuntingGrounds>
				</CustomBehavior>
			</While>
			<If Condition="HasQuest(39586) &amp;&amp; IsQuestCompleted(39586)" > <!-- [Pavnik] -->
				<DisableBehavior Name="Pull" />
				<TurnIn Nav="Fly" QuestName="Bringing Down the Iron Horde" QuestId="39586" TurnInName="Parvink" TurnInId="96147" />
				<EnableBehavior Name="Pull" />
			</If>
			<If Condition="HasQuest(39569) &amp;&amp; IsQuestCompleted(39569)" >
				<DisableBehavior Name="Pull" />
				<TurnIn Nav="Fly" QuestName="Breaking Their Fel Bonds" QuestId="39569" TurnInName="Vindicator Krethos" TurnInId="90974" />
				<EnableBehavior Name="Pull" />
			</If>

			<While Condition="HasQuest(39568) &amp;&amp; !IsQuestCompleted(39568)" > <!-- A Little Wetwork -->
				<CustomBehavior File="RunCode" Code="Logging.Write(System.Windows.Media.Colors.Yellow, &quot;[Notification]: Quest Detected - A Little Wetwork.&quot;);" />
				<CustomBehavior File="KillUntilComplete" QuestId="39568" MobIds="89857, 90136, 89777, 89810, 89935, 89936, 91832" >
					<HuntingGrounds>
						<Hotspot X="4583.305" Y="-399.9979" Z="10.69125" />
						<Hotspot X="4592.449" Y="-238.1564" Z="10.7333" />
						<Hotspot X="4770.981" Y="-244.9629" Z="4.211271" />
						<Hotspot X="4786.581" Y="-386.6306" Z="4.258256" />
						<Hotspot X="4644.233" Y="-483.5012" Z="21.41648" />
						<Hotspot X="4581.786" Y="-506.2161" Z="21.41869" />
					</HuntingGrounds>
				</CustomBehavior>
			</While>
			<If Condition="HasQuest(39568) &amp;&amp; IsQuestCompleted(39568)" >
				<DisableBehavior Name="Pull" />
				<TurnIn Nav="Fly" QuestName="A Little Wetwork" QuestId="39568" TurnInName="Vindicator Krethos" TurnInId="90974" />
				<EnableBehavior Name="Pull" />
			</If>

			<While Condition="HasQuest(39567) &amp;&amp; !IsQuestCompleted(39567)" > <!-- Bloodied Blades of Zeth'Gol -->
				<CustomBehavior File="RunCode" Code="Logging.Write(System.Windows.Media.Colors.Yellow, &quot;[Notification]: Quest Detected - Bloodied Blades of Zeth'Gol.&quot;);" />
				<CustomBehavior File="KillUntilComplete" QuestId="39567" MobIds="90851, 89699, 89703, 89705" >
					<!--  90781 goes with InteractWith, but requires to be used after interacting. -->
					<HuntingGrounds>
						<Hotspot X="4310.75" Y="431.8437" Z="175.2454" />
						<Hotspot X="4318.75" Y="372.2255" Z="176.6174" />
						<Hotspot X="4223.525" Y="552.8775" Z="173.4002" />
						<Hotspot X="4152.482" Y="654.0584" Z="162.6546" />
						<Hotspot X="4117.844" Y="594.8691" Z="162.812" />
					</HuntingGrounds>
				</CustomBehavior>
			</While>
			<If Condition="HasQuest(39567) &amp;&amp; IsQuestCompleted(39567)" >
				<DisableBehavior Name="Pull" />
				<TurnIn Nav="Fly" QuestName="Bloodied Blades of Zeth'Gol" QuestId="39567" TurnInName="Vindicator Krethos" TurnInId="90974" />
				<EnableBehavior Name="Pull" />
			</If>
		<!-- END DO Randomized Daily from Vindicator Krethos -->

		<!-- Finish up Bonus Objectives for Pressing the Attack -->
			<If Condition="HasQuest(39574) &amp;&amp; !IsQuestCompleted(39574)" >
				<CustomBehavior File="RunCode" Code="Logging.Write(System.Windows.Media.Colors.Yellow, &quot;[Notification]: Doing unfinished bonus objectives for Pressing the Attack.&quot;);" />
				<If Condition="!IsQuestCompleted(39447) &amp;&amp; !IsQuestCompleted(38250) &amp;&amp; !IsQuestCompleted(39574)" > <!-- Assault on the Ruins of Kra'nak -->
					<CustomBehavior File="RunCode" Code="Logging.Write(System.Windows.Media.Colors.Yellow, &quot;[Notification]: Completing Assault on the Ruins of Kra'nak.&quot;);" />
					<If Condition="!HasQuest(39447)" >
						<DisableBehavior Name="Pull" />
						<MoveTo Nav="Fly" DestName="Ruins of Kra'nak" X="4546.603" Y="484.6314" Z="226.6398" />
						<CustomBehavior File="WaitTimer" WaitTime="10000" TerminateWhen="HasQuest(39447)" />
						<EnableBehavior Name="Pull" />
					</If>
					<CustomBehavior File="InteractWith" QuestId="39447" ProactiveCombatStrategy="ClearMobsThatWillAggro" NumOfTimes="1000" MobIds="90794, 90300, 90706, 90795, 90790, 90792, 90791, 90786" >
						<HuntingGrounds>
							<Hotspot X="4560.763" Y="443.0881" Z="229.8193" />
							<Hotspot X="4526.892" Y="518.3264" Z="229.262" />
							<Hotspot X="4475.299" Y="649.1726" Z="191.4169" />
							<Hotspot X="4496.495" Y="744.3486" Z="181.2569" />
							<Hotspot X="4477.998" Y="792.3724" Z="181.1873" />
							<Hotspot X="4368.549" Y="871.2369" Z="175.4837" />
						</HuntingGrounds>
					</CustomBehavior>
				</If>
				<If Condition="!IsQuestCompleted(39449) &amp;&amp; !IsQuestCompleted(37968) &amp;&amp; !IsQuestCompleted(39574)" > <!-- Assault on the Temple of Sha'naar -->
					<CustomBehavior File="RunCode" Code="Logging.Write(System.Windows.Media.Colors.Yellow, &quot;[Notification]: Completing Assault on the Temple of Sha'naar.&quot;);" />
					<If Condition="!HasQuest(39449)" > <!-- Assault on the Temple of Sha'naar -->
						<DisableBehavior Name="Pull" />
						<MoveTo Nav="Fly" DestName="Temple of Sha'naar" X="3612.619" Y="183.9686" Z="129.547" />
						<CustomBehavior File="WaitTimer" WaitTime="10000" TerminateWhen="HasQuest(39449)" />
						<EnableBehavior Name="Pull" />
					</If>
					<CustomBehavior File="InteractWith" QuestId="39449" ProactiveCombatStrategy="ClearMobsThatWillAggro" NumOfTimes="1000" MobIds="240165, 240173, 90501, 90302, 90703, 92597" >
						<HuntingGrounds>
							<Hotspot X="3542.274" Y="208.3379" Z="139.7317" />
							<Hotspot X="3477.852" Y="148.2731" Z="149.7003" />
							<Hotspot X="3373.623" Y="193.0933" Z="142.2587" />
							<Hotspot X="3230.743" Y="427.2223" Z="141.9848" />
							<Hotspot X="3162.375" Y="339.8207" Z="142.0875" />
							<Hotspot X="3247.615" Y="340.6584" Z="116.3673" />
							<Hotspot X="3413.355" Y="67.35248" Z="162.0322" />
						</HuntingGrounds>
					</CustomBehavior>
				</If>
				<If Condition="!IsQuestCompleted(39451) &amp;&amp; !IsQuestCompleted(37891) &amp;&amp; !IsQuestCompleted(39574)" > <!-- Assault on Ironhold Harbor -->
					<If Condition="!HasQuest(39451)" >
						<DisableBehavior Name="Pull" />
						<MoveTo Nav="Fly" DestName="Ironhold Harbor" X="4583.305" Y="-399.9979" Z="10.69125" />
						<CustomBehavior File="WaitTimer" WaitTime="10000" TerminateWhen="HasQuest(39451)" />
						<EnableBehavior Name="Pull" />
					</If>
					<CustomBehavior File="InteractWith" QuestId="39451" ProactiveCombatStrategy="ClearMobsThatWillAggro" IgnoreMobsInBlackspots="true" NumOfTimes="1000" MobIds="239839, 90433" >
						<HuntingGrounds> <!-- 90069, True Iron Bomb.  Need to click on a tank after picking it up.  Could also just have it click the player's location. -->
							<Hotspot X="4583.305" Y="-399.9979" Z="10.69125" />
							<Hotspot X="4592.449" Y="-238.1564" Z="10.7333" />
							<Hotspot X="4770.981" Y="-244.9629" Z="4.211271" />
							<Hotspot X="4786.581" Y="-386.6306" Z="4.258256" />
							<Hotspot X="4644.233" Y="-483.5012" Z="21.41648" />
							<Hotspot X="4581.786" Y="-506.2161" Z="21.41869" />
						</HuntingGrounds>
					</CustomBehavior>
				</If>
			</If>
		<!-- END Finish up Bonus Objectives for Pressing the Attack -->

		<!-- DO Random Daily from Parvink, other daily is included above. -->
			<While Condition="HasQuest(39581) &amp;&amp; !IsQuestCompleted(39581)" > <!-- [Pavnik] Demonslayer of Tanaan -->
				<CustomBehavior File="RunCode" Code="Logging.Write(System.Windows.Media.Colors.Yellow, &quot;[Notification]: Quest Detected - Demonslayer of Tanaan.&quot;);" />
				<CustomBehavior File="KillUntilComplete" MobIds="93024, 90517" QuestId="39581" >
					<HuntingGrounds>
						<Hotspot X="4483.101" Y="-1200.358" Z="30.22227" />
						<Hotspot X="4433.078" Y="-1165.501" Z="29.08888" />
						<Hotspot X="4316.121" Y="-1133.61" Z="25.08726" />
						<Hotspot X="4710.229" Y="-1540.281" Z="41.94264" />
						<Hotspot X="4615.164" Y="-1490.89" Z="34.76215" />
					</HuntingGrounds>
				</CustomBehavior>
			</While>
			<If Condition="HasQuest(39581) &amp;&amp; IsQuestCompleted(39581)" >
				<DisableBehavior Name="Pull" />
				<TurnIn Nav="Fly" QuestName="Demonslayer of Tanaan" QuestId="39581" TurnInName="Parvink" TurnInId="96147" />
				<EnableBehavior Name="Pull" />
			</If>
		<!-- END DO Random Daily from Parvink -->

		<!-- Turn in Pressing the Attack if we're done with it. -->
		<If Condition="HasQuest(39574) &amp;&amp; IsQuestCompleted(39574)" >
			<DisableBehavior Name="Pull" />
			<TurnIn Nav="Fly" QuestName="Pressing the Attack" QuestId="39574" TurnInName="Vindicator Krethos" TurnInId="90974" />
			<EnableBehavior Name="Pull" />
		</If>

		<CustomBehavior File="RunCode" Code="Logging.Write(System.Windows.Media.Colors.Yellow, &quot;[Notification]: Hand of the Prophet dailies are complete for today.&quot;);" />

	</QuestOrder>
</HBProfile>