<HBProfile>
	<Name>Vol'jin's Headhunters Dailies</Name>
	
	
	<MinDurability>0.2</MinDurability>
	<MinFreeBagSlots>2</MinFreeBagSlots>

	<MailGrey>false</MailGrey>
	<MailWhite>false</MailWhite>
	<MailGreen>false</MailGreen>
	<MailBlue>true</MailBlue>
	<MailPurple>true</MailPurple>

	<SellGrey>true</SellGrey>
	<SellWhite>true</SellWhite>
	<SellGreen>true</SellGreen>
	<SellBlue>false</SellBlue>
	<SellPurple>false</SellPurple>

	<Blackspots>
		<Blackspot X="4809.82" Y="-214.9371" Z="3.513144" Radius="10.45735" /> <!-- Iron Horde Banner up on elevated location -->
	</Blackspots>

	<Vendors>
		<Vendor Name="Forika the Seer" Entry="93178" Type="Repair" Nav="Fly" X="4567.845" Y="360.5729" Z="221.1745" /> <!-- Neutral -->
		<Vendor Name="Veetra the Tender" Entry="92069" Type="Repair" Nav="Fly" X="3527.068" Y="-763.809" Z="40.33412" /> <!-- Neutral -->
		<Vendor Name="Rett Blasterhose" Entry="90994" Type="Repair" Nav="Fly" X="4326.587" Y="-1405.056" Z="71.38323" /> <!-- Horde -->
		<Vendor Name="Shadow Hunter Denjai" Entry="96014" Type="Repair" Nav="Fly" X="4334.67" Y="-1529.712" Z="88.28191" /> <!-- Horde -->
	</Vendors>

	<Mailboxes>
		<Mailbox X="4296.142" Y="-1482.004" Z="79.62183" />
	</Mailboxes>

	<QuestOrder>
		<If Condition="!Me.IsHorde" > <!-- Not using Me.IsAlliance to make it more future proof. :P -->
			<CustomBehavior File="UserDialog" AllowBotStop="true" SoundCue="Exclamation" SoundCueInterval="1" Text="This profile is Horde only." />
		</If>

		<!-- Insert Navigation to get to Vol'mar -->

		<!-- Introductory Quests -->
			<If Condition="!IsQuestCompleted(38001)" >
				<PickUp Nav="Fly" QuestName="The Battle for the West" QuestId="38577" GiverName="Draka" GiverId="90481" />
				<If Condition="HasQuest(38577) &amp;&amp; (!IsObjectiveComplete(1, 38577) || Unit(90550) != null)" >
					<MoveTo Nav="Fly" DestName="Skyguard Thann" X="4308.627" Y="-1465.863" Z="78.92319" />
					<CustomBehavior File="InteractWith" MobId="90550" InteractByGossipOptions="1" X="4308.067" Y="-1463.92" Z="79.05212" />
				</If>
				<TurnIn Nav="Fly" QuestName="The Battle for the West" QuestId="38577" TurnInName="Durotan" TurnInId="90553" />
				<PickUp Nav="Fly" QuestName="Commander in the Field!" QuestId="38001" GiverName="Durotan" GiverId="90553" />
				<DisableBehavior Name="Pull" />
				<CustomBehavior File="InteractWith" QuestId="38001" QuestObjectiveIndex="2" MobId="90563" X="4574.147" Y="345.8663" Z="221.0324" />
				<CustomBehavior File="InteractWith" QuestId="38001" QuestObjectiveIndex="1" MobId="90581" X="3727.438" Y="164.6736" Z="55.83973" />
				<CustomBehavior File="InteractWith" QuestId="38001" QuestObjectiveIndex="3" MobId="90548" X="4449.394" Y="-584.4705" Z="50.25083" />
				<TurnIn Nav="Fly" QuestName="Commander in the Field!" QuestId="38001" TurnInName="Draka" TurnInId="90481" />
				<EnableBehavior Name="Pull" />
			</If>
		<!-- END Introductory Quests -->

		<!-- Randomized Daily from Nimi Brightcastle -->
			<If Condition="!(HasQuest(39532) || HasQuest(39519) || HasQuest(39529)) &amp;&amp; !(IsQuestCompleted(39532) || IsQuestCompleted(39519) || IsQuestCompleted(39529))" >
				<CustomBehavior File="RunCode" Code="Logging.Write(System.Windows.Media.Colors.Yellow, &quot;[Notification]: Checking Nimi Brightcastle for dailies.&quot;);" />
				<MoveTo Nav="Fly" DestName="Nimi Brightcastle" X="4326.101" Y="-1425.438" Z="69.44341" />
				<CustomBehavior File="InteractWith" MobId="93396" Range="5" WaitTime="500" X="4326.101" Y="-1425.438" Z="69.44341" />
				<If Condition="Lua.GetReturnVal&lt;bool&gt;(&quot;return QuestFrameDetailPanel:IsVisible();&quot;, 0)" >
					<CustomBehavior File="RunCode" Code="Logging.Write(System.Windows.Media.Colors.Yellow, &quot;[Notification]: Choosing quest from Nimi Brightcastle.&quot;);" />
					<CustomBehavior File="Misc\RunLua" Lua="QuestFrameAcceptButton:Click();" />
					<CustomBehavior File="WaitTimer" WaitTime="500" />
					<ElseIf Condition="Lua.GetReturnVal&lt;bool&gt;(&quot;return QuestTitleButton2:IsVisible();&quot;, 0)" > <!-- If player has quest from previous day -->
						<CustomBehavior File="RunCode" Code="Logging.Write(System.Windows.Media.Colors.Yellow, &quot;[Notification]: Choosing second quest from Parvink.&quot;);" />
						<CustomBehavior File="Misc\RunLua" Lua="QuestTitleButton2:Click();" />
						<CustomBehavior File="WaitTimer" WaitTime="500" />
						<CustomBehavior File="Misc\RunLua" Lua="QuestFrameAcceptButton:Click();" />
						<CustomBehavior File="WaitTimer" WaitTime="500" />
					</ElseIf>
					<Else>
						<CustomBehavior File="RunCode" Code="Logging.Write(System.Windows.Media.Colors.Yellow, &quot;[Notification]: Nimi Brightcastle doesn't seem to be offering a quest at the moment.&quot;);" />
					</Else>
				</If>
			</If>
		<!-- END Randomized Daily from Nimi Brightcastle -->

		<!-- Randomized Daily from Tanaan Battle Plan -->
			<While Condition="!(HasQuest(37940) || HasQuest(38449) || HasQuest(38047) || HasQuest(38044) || HasQuest(38252) || HasQuest(38441)) &amp;&amp; !(IsQuestCompleted(37940) || IsQuestCompleted(38449) || IsQuestCompleted(38047) || IsQuestCompleted(38044) || IsQuestCompleted(38252) || IsQuestCompleted(38441))" >
				<CustomBehavior File="RunCode" Code="Logging.Write(System.Windows.Media.Colors.Yellow, &quot;[Notification]: Checking Tanaan Planning map.&quot;);" />
				<MoveTo Nav="Fly" DestName="Tanaan Planning Map" X="4327.29" Y="-1517.717" Z="88.02447" />
				<CustomBehavior File="InteractWith" MobId="241725" NonCompeteDistance="0" Range="5" WaitTime="500" X="4327.646" Y="-1520.481" Z="88.02522" />
				<If Condition="Lua.GetReturnVal&lt;bool&gt;(&quot;return QuestChoiceFrame:IsVisible();&quot;, 0)" >
					<CustomBehavior File="RunCode" Code="Logging.Write(System.Windows.Media.Colors.Yellow, &quot;[Notification]: Choosing quest from Tanaan Planning Map.&quot;);" />
					<CustomBehavior File="Misc\RunLua" Lua="QuestChoiceFrameOption1.OptionButton:Click();" />
					<CustomBehavior File="WaitTimer" WaitTime="500" />
				</If>
				<If Condition="HasQuest(38586)" > <!-- If we pick up a group quest. -->
					<CustomBehavior File="RunCode" Code="Logging.Write(System.Windows.Media.Colors.Yellow, &quot;[Notification]: Picked up a group quest, abandoning it to choose a solo quest.&quot;);" />
					<CustomBehavior File="AbandonQuest" QuestId="38586" />
					<CustomBehavior File="WaitTimer" WaitTime="500" />
					<CustomBehavior File="InteractWith" MobId="241725" NonCompeteDistance="0" Range="5" WaitTime="500" X="4327.646" Y="-1520.481" Z="88.02522" />
					<If Condition="Lua.GetReturnVal&lt;bool&gt;(&quot;return QuestChoiceFrame:IsVisible();&quot;, 0)" >
						<CustomBehavior File="RunCode" Code="Logging.Write(System.Windows.Media.Colors.Yellow, &quot;[Notification]: Choosing quest from Tanaan Planning Map.&quot;);" />
						<CustomBehavior File="Misc\RunLua" Lua="QuestChoiceFrameOption2.OptionButton:Click();" />
						<CustomBehavior File="WaitTimer" WaitTime="500" />
					</If>
				</If>
			</While>
		<!-- END Randomized Daily from Tanaan Battle Plan -->

		<!-- DO Randomized Daily from Tanaan Battle Plan -->
			<While Condition="HasQuest(37940) &amp;&amp; !IsQuestCompleted(37940)" > <!-- Assault on Ironhold Harbor -->
				<CustomBehavior File="RunCode" Code="Logging.Write(System.Windows.Media.Colors.Yellow, &quot;[Notification]: Quest Detected - Assault on Ironhold Harbor.&quot;);" />
				<If Condition="!HasQuest(37865)" >
					<DisableBehavior Name="Pull" />
					<MoveTo Nav="Fly" DestName="Ironhold Harbor" X="4583.305" Y="-399.9979" Z="10.69125" />
					<CustomBehavior File="WaitTimer" WaitTime="10000" TerminateWhen="HasQuest(37865)" />
					<EnableBehavior Name="Pull" />
				</If>
				<CustomBehavior File="InteractWith" QuestId="37940" ProactiveCombatStrategy="ClearMobsThatWillAggro" IgnoreMobsInBlackspots="true" NumOfTimes="1000" MobIds="239839, 90433" >
					<HuntingGrounds> <!-- 90069, True Iron Bomb.  Need to click on a tank after picking it up.  Could also just have it click the player's location. -->
						<Hotspot X="4583.305" Y="-399.9979" Z="10.69125" />
						<Hotspot X="4592.449" Y="-238.1564" Z="10.7333" />
						<Hotspot X="4770.981" Y="-244.9629" Z="4.211271" />
						<Hotspot X="4786.581" Y="-386.6306" Z="4.258256" />
						<Hotspot X="4644.233" Y="-483.5012" Z="21.41648" />
						<Hotspot X="4581.786" Y="-506.2161" Z="21.41869" />
					</HuntingGrounds>
				</CustomBehavior>
			</While>
			<If Condition="HasQuest(37940) &amp;&amp; IsQuestCompleted(37940)" >
				<DisableBehavior Name="Pull" />
				<TurnIn Nav="Fly" QuestName="Assault on Ironhold Harbor" QuestId="37940" TurnInName="Draka" TurnInId="90481" />
				<EnableBehavior Name="Pull" />
			</If>

			<While Condition="HasQuest(38449) &amp;&amp; !IsQuestCompleted(38449)" > <!-- Assault on the Temple of Sha'naar -->
				<CustomBehavior File="RunCode" Code="Logging.Write(System.Windows.Media.Colors.Yellow, &quot;[Notification]: Quest Detected - Assault on the Temple of Sha'naar.&quot;);" />
				<If Condition="!HasQuest(38020)" >
					<DisableBehavior Name="Pull" />
					<MoveTo Nav="Fly" DestName="Temple of Sha'naar" X="3612.619" Y="183.9686" Z="129.547" />
					<CustomBehavior File="WaitTimer" WaitTime="10000" TerminateWhen="HasQuest(38020)" />
					<EnableBehavior Name="Pull" />
				</If>
				<CustomBehavior File="InteractWith" QuestId="38449" ProactiveCombatStrategy="ClearMobsThatWillAggro" NumOfTimes="1000" MobIds="240165, 240173, 90501, 90302, 90703, 92597" >
					<HuntingGrounds>
						<Hotspot X="3542.274" Y="208.3379" Z="139.7317" />
						<Hotspot X="3477.852" Y="148.2731" Z="149.7003" />
						<Hotspot X="3373.623" Y="193.0933" Z="142.2587" />
						<Hotspot X="3230.743" Y="427.2223" Z="141.9848" />
						<Hotspot X="3162.375" Y="339.8207" Z="142.0875" />
						<Hotspot X="3247.615" Y="340.6584" Z="116.3673" />
						<Hotspot X="3413.355" Y="67.35248" Z="162.0322" />
					</HuntingGrounds>
				</CustomBehavior>
			</While>
			<If Condition="HasQuest(38449) &amp;&amp; IsQuestCompleted(38449)" >
				<DisableBehavior Name="Pull" />
				<TurnIn Nav="Fly" QuestName="Assault on the Temple of Sha'naar" QuestId="38449" TurnInName="Draka" TurnInId="90481" />
				<EnableBehavior Name="Pull" />
			</If>

			<While Condition="HasQuest(38047) &amp;&amp; !IsQuestCompleted(38047)" > <!-- Battle At The Iron Front -->
				<CustomBehavior File="RunCode" Code="Logging.Write(System.Windows.Media.Colors.Yellow, &quot;[Notification]: Quest Detected - Battle At The Iron Front.&quot;);" />
				<If Condition="!HasQuest(38054)" >
					<DisableBehavior Name="Pull" />
					<MoveTo Nav="Fly" DestName="The Iron Front" X="3893.965" Y="842.2295" Z="152.6835" />
					<CustomBehavior File="WaitTimer" WaitTime="10000" TerminateWhen="HasQuest(38054)" />
					<EnableBehavior Name="Pull" />
				</If>
				<CustomBehavior File="InteractWith" QuestId="38047" ProactiveCombatStrategy="ClearMobsThatWillAggro" NumOfTimes="1000" MobIds="90794, 90300, 90706, 90795, 90790, 90792, 90791" >
					<HuntingGrounds>
						<Hotspot X="4560.763" Y="443.0881" Z="229.8193" />
						<Hotspot X="4526.892" Y="518.3264" Z="229.262" />
						<Hotspot X="4475.299" Y="649.1726" Z="191.4169" />
						<Hotspot X="4496.495" Y="744.3486" Z="181.2569" />
						<Hotspot X="4477.998" Y="792.3724" Z="181.1873" />
						<Hotspot X="4368.549" Y="871.2369" Z="175.4837" />
					</HuntingGrounds>
				</CustomBehavior>
			</While>
			<If Condition="HasQuest(38047) &amp;&amp; IsQuestCompleted(38047)" >
				<DisableBehavior Name="Pull" />
				<TurnIn Nav="Fly" QuestName="Battle At The Iron Front" QuestId="38047" TurnInName="Draka" TurnInId="90481" />
				<EnableBehavior Name="Pull" />
			</If>

			<While Condition="HasQuest(38044) &amp;&amp; !IsQuestCompleted(38044)" > <!-- Bleeding the Bleeding Hollow -->
				<CustomBehavior File="RunCode" Code="Logging.Write(System.Windows.Media.Colors.Yellow, &quot;[Notification]: Quest Detected - Bleeding the Bleeding Hollow.&quot;);" />
				<If Condition="!HasQuest(38040)" > <!-- Check ID, lower than Alliance, but I think I got this number from DevTools -->
					<DisableBehavior Name="Pull" />
					<MoveTo Nav="Fly" DestName="Zeth'gol" X="4245.792" Y="390.4549" Z="153.8195" />
					<CustomBehavior File="WaitTimer" WaitTime="10000" TerminateWhen="HasQuest(38040)" />
					<EnableBehavior Name="Pull" />
				</If>
				<CustomBehavior File="InteractWith" QuestId="38044" ProactiveCombatStrategy="ClearMobsThatWillAggro" NumOfTimes="1000" MobIds="90704" >
					<!--  90781 goes with InteractWith, but requires to be used after interacting. -->
					<HuntingGrounds>
						<Hotspot X="4310.75" Y="431.8437" Z="175.2454" />
						<Hotspot X="4318.75" Y="372.2255" Z="176.6174" />
						<Hotspot X="4223.525" Y="552.8775" Z="173.4002" />
						<Hotspot X="4152.482" Y="654.0584" Z="162.6546" />
						<Hotspot X="4117.844" Y="594.8691" Z="162.812" />
					</HuntingGrounds>
				</CustomBehavior>
			</While>
			<If Condition="HasQuest(38044) &amp;&amp; IsQuestCompleted(38044)" >
				<DisableBehavior Name="Pull" />
				<TurnIn Nav="Fly" QuestName="Bleeding the Bleeding Hollow" QuestId="38044" TurnInName="Draka" TurnInId="90481" />
				<EnableBehavior Name="Pull" />
			</If>

			<While Condition="HasQuest(38252) &amp;&amp; !IsQuestCompleted(38252)" > <!-- Assault on the Ruins of Kra'nak -->
				<CustomBehavior File="RunCode" Code="Logging.Write(System.Windows.Media.Colors.Yellow, &quot;[Notification]: Quest Detected - Assault on the Ruins of Kra'nak.&quot;);" />
				<If Condition="!HasQuest(38009)" >
					<DisableBehavior Name="Pull" />
					<MoveTo Nav="Fly" DestName="Ruins of Kra'nak" X="4546.603" Y="484.6314" Z="226.6398" />
					<CustomBehavior File="WaitTimer" WaitTime="10000" TerminateWhen="HasQuest(38009)" />
					<EnableBehavior Name="Pull" />
				</If>
				<CustomBehavior File="InteractWith" QuestId="38252" ProactiveCombatStrategy="ClearMobsThatWillAggro" NumOfTimes="1000" MobIds="90794, 90300, 90706, 90795, 90790, 90792, 90791, 90796" >
					<HuntingGrounds>
						<Hotspot X="4560.763" Y="443.0881" Z="229.8193" />
						<Hotspot X="4526.892" Y="518.3264" Z="229.262" />
						<Hotspot X="4475.299" Y="649.1726" Z="191.4169" />
						<Hotspot X="4496.495" Y="744.3486" Z="181.2569" />
						<Hotspot X="4477.998" Y="792.3724" Z="181.1873" />
						<Hotspot X="4368.549" Y="871.2369" Z="175.4837" />
					</HuntingGrounds>
				</CustomBehavior>
			</While>
			<If Condition="HasQuest(38252) &amp;&amp; IsQuestCompleted(38252)" >
				<DisableBehavior Name="Pull" />
				<TurnIn Nav="Fly" QuestName="Assault on the Ruins of Kra'nak" QuestId="38252" TurnInName="Draka" TurnInId="90481" />
				<EnableBehavior Name="Pull" />
			</If>

			<While Condition="HasQuest(38441) &amp;&amp; !IsQuestCompleted(38441)" > <!-- Assault on The Fel Forge -->
				<CustomBehavior File="RunCode" Code="Logging.Write(System.Windows.Media.Colors.Yellow, &quot;[Notification]: Quest Detected - Assault on The Fel Forge.&quot;);" />
				<If Condition="!HasQuest(38439)" > <!-- Assault on the Fel Forge -->
					<DisableBehavior Name="Pull" />
					<MoveTo Nav="Fly" DestName="The Fel Forge" X="3612.619" Y="183.9686" Z="129.547" />
					<CustomBehavior File="WaitTimer" WaitTime="10000" TerminateWhen="HasQuest(38439)" />
					<EnableBehavior Name="Pull" />
				</If>
				<CustomBehavior File="InteractWith" MobIds="241669" QuestId="38441" NumOfTimes="1000" >
					<!--Objects 91901, 92741 - Gives ExtraActionButton to player to cast ability, can't loot anymore until cast.  Have InteractWith terminate and cast spell.
						ExtraActionButton spell:  Hellfire Shot (183813)
						Goes away after a while. -->
					<HuntingGrounds>
						<Hotspot X="4421.958" Y="-871.004" Z="43.66127" />
						<Hotspot X="4233.836" Y="-831.981" Z="25.86019" />
						<Hotspot X="4322.664" Y="-1037.712" Z="21.86206" />
						<Hotspot X="4387.688" Y="-959.9526" Z="35.74992" />
						<Hotspot X="4471.273" Y="-949.8047" Z="41.18494" />
						<Hotspot X="4508.456" Y="-754.2703" Z="47.78214" />
					</HuntingGrounds>
				</CustomBehavior>
			</While>
			<If Condition="HasQuest(38441) &amp;&amp; IsQuestCompleted(38441)" >
				<DisableBehavior Name="Pull" />
				<TurnIn Nav="Fly" QuestName="Assault on The Fel Forge" QuestId="38441" TurnInName="Draka" TurnInId="90481" />
				<EnableBehavior Name="Pull" />
			</If>

			<!-- <While Condition="HasQuest(38586) &amp;&amp; !IsQuestCompleted(38586)" > [GROUP] Assault on the Throne of Kil'jaeden 
				<CustomBehavior File="RunCode" Code="Logging.Write(System.Windows.Media.Colors.Yellow, &quot;[Notification]: Quest Detected - Assault on the Throne of Kil'jaeden.&quot;);" />
				<CustomBehavior File="Abandon"
			</While>-->
		<!-- END DO Randomized Daily from Tanaan Battle Plan -->

		<!-- Daily from Shadow Hunter Denjai -->
			<If Condition="!HasQuest(39526) &amp;&amp; !IsQuestCompleted(39526)" >
				<PickUp Nav="Fly" QuestName="Pressing the Attack" QuestId="39526" GiverName="Shadow Hunter Denjai" GiverId="96014" /> 
			</If>
		<!-- END Daily from Shadow Hunter Denjai -->

		<!-- Randomized Daily from Shadow Hunter Denjai -->
			<If Condition="!(HasQuest(39514) || HasQuest(39513) || HasQuest(39512) || HasQuest(39511) || HasQuest(39510) || HasQuest(39509)) &amp;&amp; !(IsQuestCompleted(39514) || IsQuestCompleted(39513) || IsQuestCompleted(39512) || IsQuestCompleted(39511) || IsQuestCompleted(39510) || IsQuestCompleted(39509))" >
				<CustomBehavior File="RunCode" Code="Logging.Write(System.Windows.Media.Colors.Yellow, &quot;[Notification]: Checking Shadow Hunter Denjai.&quot;);" />
				<MoveTo Nav="Fly" DestName="Shadow Hunter Denjai" X="4334.545" Y="-1528.443" Z="88.27927" />
				<CustomBehavior File="InteractWith" MobId="96014" WaitTime="500" X="4334.67" Y="-1529.712" Z="88.28157" />
				<If Condition="Lua.GetReturnVal&lt;bool&gt;(&quot;return GossipFrameGreetingPanel:IsVisible();&quot;, 0)" >
					<CustomBehavior File="RunCode" Code="Logging.Write(System.Windows.Media.Colors.Yellow, &quot;[Notification]: Choosing quest from Shadow Hunter Denjai.&quot;);" />
					<CustomBehavior File="Misc\RunLua" Lua="GossipTitleButton1:Click();" />
					<CustomBehavior File="WaitTimer" WaitTime="500" />
					<CustomBehavior File="Misc\RunLua" Lua="QuestFrameAcceptButton:Click();" />
					<CustomBehavior File="WaitTimer" WaitTime="500" />
				</If>
			</If>
		<!-- END Randomized Daily from Shadow Hunter Denjai -->

		<!-- DO Randomized Daily from Shadow Hunter Denjai -->
			<While Condition="HasQuest(39514) &amp;&amp; !IsQuestCompleted(39514)" > <!-- [GROUP] Harnessing Their Power -->
				<CustomBehavior File="UserDialog" AllowBotStop="True" SoundCue="Exclamation" SoundCueInterval="2" ExpiryTime="45" Text="[WARNING]\n\nThe daily we picked up is a group quest.\n\nIf you continue, the bot will attempt to finish it however you may get into a death loop if you are undergeared or a caster class." />
				<CustomBehavior File="RunCode" Code="Logging.Write(System.Windows.Media.Colors.Yellow, &quot;[Notification]: Quest Detected - Harnessing Their Power.&quot;);" />
				<MoveTo Nav="Fly" DestName="The Iron Front" X="4025.265" Y="1064.812" Z="167.5833" />
				<CustomBehavior File="KillUntilComplete" QuestId="39514" MobId="90585" >
					<HuntingGrounds>
						<Hotspot X="3970.267" Y="1030.804" Z="163.2329" />
						<Hotspot X="3959.172" Y="859.4688" Z="152.6836" />
						<Hotspot X="3916.792" Y="875.9639" Z="152.6842" />
					</HuntingGrounds>
				</CustomBehavior>
			</While>
			<If Condition="HasQuest(39514) &amp;&amp; IsQuestCompleted(39514)" >
				<DisableBehavior Name="Pull" />
				<TurnIn Nav="Fly" QuestName="Harnessing Their Power" QuestId="39514" TurnInName="Shadow Hunter Denjai" TurnInId="96014" />
				<EnableBehavior Name="Pull" />
			</If>

			<While Condition="HasQuest(39513) &amp;&amp; !IsQuestCompleted(39513)" > <!-- Disarming Sha'naar -->
				<CustomBehavior File="RunCode" Code="Logging.Write(System.Windows.Media.Colors.Yellow, &quot;[Notification]: Quest Detected - Assault on Disarming Sha'naar.&quot;);" />
				<CustomBehavior File="InteractWith" QuestId="39513" ProactiveCombatStrategy="ClearMobsThatWillAggro" NumOfTimes="1000" MobIds="243794" >
					<HuntingGrounds>
						<Hotspot X="3542.274" Y="208.3379" Z="139.7317" />
						<Hotspot X="3477.852" Y="148.2731" Z="149.7003" />
						<Hotspot X="3373.623" Y="193.0933" Z="142.2587" />
						<Hotspot X="3230.743" Y="427.2223" Z="141.9848" />
						<Hotspot X="3162.375" Y="339.8207" Z="142.0875" />
						<Hotspot X="3247.615" Y="340.6584" Z="116.3673" />
						<Hotspot X="3413.355" Y="67.35248" Z="162.0322" />
					</HuntingGrounds>
				</CustomBehavior>
			</While>
			<If Condition="HasQuest(39513) &amp;&amp; IsQuestCompleted(39513)" >
				<DisableBehavior Name="Pull" />
				<TurnIn Nav="Fly" QuestName="Disarming Sha'naar" QuestId="39513" TurnInName="Shadow Hunter Denjai" TurnInId="96014" />
				<EnableBehavior Name="Pull" />
			</If>

			<While Condition="HasQuest(39512) &amp;&amp; !IsQuestCompleted(39512)" > <!-- Secrets of the Shadow Council -->
				<CustomBehavior File="RunCode" Code="Logging.Write(System.Windows.Media.Colors.Yellow, &quot;[Notification]: Quest Detected - Secrets of the Shadow Council.&quot;);" />
				<CustomBehavior File="KillUntilComplete" QuestId="39512" MobIds="90649, 90607, 90312, 90654, 89748" >
					<HuntingGrounds>
						<Hotspot X="4560.763" Y="443.0881" Z="229.8193" />
						<Hotspot X="4526.892" Y="518.3264" Z="229.262" />
						<Hotspot X="4475.299" Y="649.1726" Z="191.4169" />
						<Hotspot X="4496.495" Y="744.3486" Z="181.2569" />
						<Hotspot X="4477.998" Y="792.3724" Z="181.1873" />
						<Hotspot X="4368.549" Y="871.2369" Z="175.4837" />
					</HuntingGrounds>
				</CustomBehavior>
			</While>
			<If Condition="HasQuest(39512) &amp;&amp; IsQuestCompleted(39512)" >
				<DisableBehavior Name="Pull" />
				<TurnIn Nav="Fly" QuestName="Secrets of the Shadow Council" QuestId="39512" TurnInName="Shadow Hunter Denjai" TurnInId="96014" />
				<EnableBehavior Name="Pull" />
			</If>

			<While Condition="HasQuest(39532) &amp;&amp; !IsQuestCompleted(39532)" > <!-- [Nimi Brightcastle] Bringing Down the Iron Horde -->
				<CustomBehavior File="RunCode" Code="Logging.Write(System.Windows.Media.Colors.Yellow, &quot;[Notification]: Quest Detected - Bringing Down the Iron Horde.&quot;);" />
				<CustomBehavior File="KillUntilComplete" MobIds="90066, 91760, 91764, 91721, 89754, 93370" QuestId="39532" >
					<HuntingGrounds>
						<Hotspot X="4314.433" Y="-1025.236" Z="21.86001" />
						<Hotspot X="4378.459" Y="-914.2455" Z="34.72607" />
						<Hotspot X="4478.62" Y="-985.8022" Z="38.02435" />
						<Hotspot X="4668.208" Y="-878.8555" Z="99.33451" />
					</HuntingGrounds>
				</CustomBehavior>
			</While>
			<While Condition="HasQuest(39511) &amp;&amp; !IsQuestCompleted(39511)" > <!-- Blood of Fallen Brothers -->
				<CustomBehavior File="RunCode" Code="Logging.Write(System.Windows.Media.Colors.Yellow, &quot;[Notification]: Quest Detected - Blood of Fallen Brothers.&quot;);" />
				<CustomBehavior File="KillUntilComplete" MobIds="90066, 91760, 91721, 89754, 93370" QuestId="39511" >
					<HuntingGrounds>
						<Hotspot X="4314.433" Y="-1025.236" Z="21.86001" />
						<Hotspot X="4378.459" Y="-914.2455" Z="34.72607" />
						<Hotspot X="4478.62" Y="-985.8022" Z="38.02435" />
						<Hotspot X="4668.208" Y="-878.8555" Z="99.33451" />
					</HuntingGrounds>
				</CustomBehavior>
			</While>
			<If Condition="HasQuest(39532) &amp;&amp; IsQuestCompleted(39532)" > <!-- [Nimi Brightcastle] -->
				<DisableBehavior Name="Pull" />
				<TurnIn Nav="Fly" QuestName="Bringing Down the Iron Horde" QuestId="39532" TurnInName="Nimi Brightcastle" TurnInId="93396" />
				<EnableBehavior Name="Pull" />
			</If>
			<If Condition="HasQuest(39511) &amp;&amp; IsQuestCompleted(39511)" >
				<DisableBehavior Name="Pull" />
				<TurnIn Nav="Fly" QuestName="Blood of Fallen Brothers" QuestId="39511" TurnInName="Shadow Hunter Denjai" TurnInId="96014" />
				<EnableBehavior Name="Pull" />
			</If>

			<While Condition="HasQuest(39510) &amp;&amp; !IsQuestCompleted(39510)" > <!-- A Little Wetwork -->
				<CustomBehavior File="RunCode" Code="Logging.Write(System.Windows.Media.Colors.Yellow, &quot;[Notification]: Quest Detected - A Little Wetwork.&quot;);" />
				<CustomBehavior File="KillUntilComplete" QuestId="39510" MobIds="89857, 90136, 89777, 89810, 89935, 89936, 91832" >
					<HuntingGrounds>
						<Hotspot X="4583.305" Y="-399.9979" Z="10.69125" />
						<Hotspot X="4592.449" Y="-238.1564" Z="10.7333" />
						<Hotspot X="4770.981" Y="-244.9629" Z="4.211271" />
						<Hotspot X="4786.581" Y="-386.6306" Z="4.258256" />
						<Hotspot X="4644.233" Y="-483.5012" Z="21.41648" />
						<Hotspot X="4581.786" Y="-506.2161" Z="21.41869" />
					</HuntingGrounds>
				</CustomBehavior>
			</While>
			<If Condition="HasQuest(39510) &amp;&amp; IsQuestCompleted(39510)" >
				<DisableBehavior Name="Pull" />
				<TurnIn Nav="Fly" QuestName="A Little Wetwork" QuestId="39510" TurnInName="Shadow Hunter Denjai" TurnInId="96014" />
				<EnableBehavior Name="Pull" />
			</If>

			<While Condition="HasQuest(39509) &amp;&amp; !IsQuestCompleted(39509)" > <!-- Bloodied Blades of Zeth'Gol -->
				<CustomBehavior File="RunCode" Code="Logging.Write(System.Windows.Media.Colors.Yellow, &quot;[Notification]: Quest Detected - Bloodied Blades of Zeth'Gol.&quot;);" />
				<CustomBehavior File="KillUntilComplete" QuestId="39509" MobIds="90851, 89699, 89703, 89705" >
					<!--  90781 goes with InteractWith, but requires to be used after interacting. -->
					<HuntingGrounds>
						<Hotspot X="4310.75" Y="431.8437" Z="175.2454" />
						<Hotspot X="4318.75" Y="372.2255" Z="176.6174" />
						<Hotspot X="4223.525" Y="552.8775" Z="173.4002" />
						<Hotspot X="4152.482" Y="654.0584" Z="162.6546" />
						<Hotspot X="4117.844" Y="594.8691" Z="162.812" />
					</HuntingGrounds>
				</CustomBehavior>
			</While>
			<If Condition="HasQuest(39509) &amp;&amp; IsQuestCompleted(39509)" >
				<DisableBehavior Name="Pull" />
				<TurnIn Nav="Fly" QuestName="Bloodied Blades of Zeth'Gol" QuestId="39509" TurnInName="Shadow Hunter Denjai" TurnInId="96014" />
				<EnableBehavior Name="Pull" />
			</If>
		<!-- END DO Randomized Daily from Shadow Hunter Denjai -->

		<!-- Finish up Bonus Objectives for Pressing the Attack -->
			<If Condition="HasQuest(39526) &amp;&amp; !IsQuestCompleted(39526)" >
				<CustomBehavior File="RunCode" Code="Logging.Write(System.Windows.Media.Colors.Yellow, &quot;[Notification]: Doing unfinished bonus objectives for Pressing the Attack.&quot;);" />
				<If Condition="!IsQuestCompleted(39448) &amp;&amp; !IsQuestCompleted(38252) &amp;&amp; !IsQuestCompleted(39526)" > <!-- Assault on the Ruins of Kra'nak -->
					<CustomBehavior File="RunCode" Code="Logging.Write(System.Windows.Media.Colors.Yellow, &quot;[Notification]: Completing Assault on the Ruins of Kra'nak.&quot;);" />
					<If Condition="!HasQuest(39448)" >
						<DisableBehavior Name="Pull" />
						<MoveTo Nav="Fly" DestName="Ruins of Kra'nak" X="4546.603" Y="484.6314" Z="226.6398" />
						<CustomBehavior File="WaitTimer" WaitTime="10000" TerminateWhen="HasQuest(39448)" />
						<EnableBehavior Name="Pull" />
					</If>
					<CustomBehavior File="InteractWith" QuestId="39448" ProactiveCombatStrategy="ClearMobsThatWillAggro" NumOfTimes="1000" MobIds="90794, 90300, 90706, 90795, 90790, 90792, 90791, 90786" >
						<HuntingGrounds>
							<Hotspot X="4560.763" Y="443.0881" Z="229.8193" />
							<Hotspot X="4526.892" Y="518.3264" Z="229.262" />
							<Hotspot X="4475.299" Y="649.1726" Z="191.4169" />
							<Hotspot X="4496.495" Y="744.3486" Z="181.2569" />
							<Hotspot X="4477.998" Y="792.3724" Z="181.1873" />
							<Hotspot X="4368.549" Y="871.2369" Z="175.4837" />
						</HuntingGrounds>
					</CustomBehavior>
				</If>
				<If Condition="!IsQuestCompleted(39450) &amp;&amp; !IsQuestCompleted(38449) &amp;&amp; !IsQuestCompleted(39526)" > <!-- Assault on the Temple of Sha'naar -->
					<CustomBehavior File="RunCode" Code="Logging.Write(System.Windows.Media.Colors.Yellow, &quot;[Notification]: Completing Assault on the Temple of Sha'naar.&quot;);" />
					<If Condition="!HasQuest(39450)" > <!-- Assault on the Temple of Sha'naar -->
						<DisableBehavior Name="Pull" />
						<MoveTo Nav="Fly" DestName="Temple of Sha'naar" X="3612.619" Y="183.9686" Z="129.547" />
						<CustomBehavior File="WaitTimer" WaitTime="10000" TerminateWhen="HasQuest(39450)" />
						<EnableBehavior Name="Pull" />
					</If>
					<CustomBehavior File="InteractWith" QuestId="39450" ProactiveCombatStrategy="ClearMobsThatWillAggro" NumOfTimes="1000" MobIds="240165, 240173, 90501, 90302, 90703, 92597" >
						<HuntingGrounds>
							<Hotspot X="3542.274" Y="208.3379" Z="139.7317" />
							<Hotspot X="3477.852" Y="148.2731" Z="149.7003" />
							<Hotspot X="3373.623" Y="193.0933" Z="142.2587" />
							<Hotspot X="3230.743" Y="427.2223" Z="141.9848" />
							<Hotspot X="3162.375" Y="339.8207" Z="142.0875" />
							<Hotspot X="3247.615" Y="340.6584" Z="116.3673" />
							<Hotspot X="3413.355" Y="67.35248" Z="162.0322" />
						</HuntingGrounds>
					</CustomBehavior>
				</If>
				<If Condition="!IsQuestCompleted(39452) &amp;&amp; !IsQuestCompleted(37940) &amp;&amp; !IsQuestCompleted(39526)" > <!-- Assault on Ironhold Harbor -->
					<If Condition="!HasQuest(39452)" >
						<DisableBehavior Name="Pull" />
						<MoveTo Nav="Fly" DestName="Ironhold Harbor" X="4583.305" Y="-399.9979" Z="10.69125" />
						<CustomBehavior File="WaitTimer" WaitTime="10000" TerminateWhen="HasQuest(39452)" />
						<EnableBehavior Name="Pull" />
					</If>
					<CustomBehavior File="InteractWith" QuestId="39452" ProactiveCombatStrategy="ClearMobsThatWillAggro" IgnoreMobsInBlackspots="true" NumOfTimes="1000" MobIds="239839, 90433" >
						<HuntingGrounds> <!-- 90069, True Iron Bomb.  Need to click on a tank after picking it up.  Could also just have it click the player's location. -->
							<Hotspot X="4583.305" Y="-399.9979" Z="10.69125" />
							<Hotspot X="4592.449" Y="-238.1564" Z="10.7333" />
							<Hotspot X="4770.981" Y="-244.9629" Z="4.211271" />
							<Hotspot X="4786.581" Y="-386.6306" Z="4.258256" />
							<Hotspot X="4644.233" Y="-483.5012" Z="21.41648" />
							<Hotspot X="4581.786" Y="-506.2161" Z="21.41869" />
						</HuntingGrounds>
					</CustomBehavior>
				</If>
			</If>
		<!-- END Finish up Bonus Objectives for Pressing the Attack -->

		<!-- DO Random Daily from Nimi Brightcastle, other daily is included above. -->
			<While Condition="HasQuest(39519) &amp;&amp; !IsQuestCompleted(39519)" > <!-- [Nimi Brightcastle] Demonslayer of Tanaan -->
				<CustomBehavior File="RunCode" Code="Logging.Write(System.Windows.Media.Colors.Yellow, &quot;[Notification]: Quest Detected - Demonslayer of Tanaan.&quot;);" />
				<CustomBehavior File="KillUntilComplete" MobIds="93024, 90517" QuestId="39519" >
					<HuntingGrounds>
						<Hotspot X="4483.101" Y="-1200.358" Z="30.22227" />
						<Hotspot X="4433.078" Y="-1165.501" Z="29.08888" />
						<Hotspot X="4316.121" Y="-1133.61" Z="25.08726" />
						<Hotspot X="4710.229" Y="-1540.281" Z="41.94264" />
						<Hotspot X="4615.164" Y="-1490.89" Z="34.76215" />
					</HuntingGrounds>
				</CustomBehavior>
			</While>
			<If Condition="HasQuest(39519) &amp;&amp; IsQuestCompleted(39519)" >
				<DisableBehavior Name="Pull" />
				<TurnIn Nav="Fly" QuestName="Demonslayer of Tanaan" QuestId="39519" TurnInName="Nimi Brightcastle" TurnInId="93396" />
				<EnableBehavior Name="Pull" />
			</If>
		<!-- END DO Random Daily from Nimi Brightcastle -->

		<!-- Turn in Pressing the Attack if we're done with it. -->
		<If Condition="HasQuest(39526) &amp;&amp; IsQuestCompleted(39526)" >
			<DisableBehavior Name="Pull" />
			<TurnIn Nav="Fly" QuestName="Pressing the Attack" QuestId="39526" TurnInName="Shadow Hunter Denjai" TurnInId="96014" />
			<EnableBehavior Name="Pull" />
		</If>

		<CustomBehavior File="RunCode" Code="Logging.Write(System.Windows.Media.Colors.Yellow, &quot;[Notification]: Vol'jin's Headhunters dailies are complete for today.&quot;);" />

	</QuestOrder>
</HBProfile>