<HBProfile>
	<Name>Order of the Awakened Rares and Treasures</Name>
	
	
	<MinDurability>0.2</MinDurability>
	<MinFreeBagSlots>2</MinFreeBagSlots>

	<MailGrey>false</MailGrey>
	<MailWhite>false</MailWhite>
	<MailGreen>false</MailGreen>
	<MailBlue>true</MailBlue>
	<MailPurple>true</MailPurple>

	<SellGrey>true</SellGrey>
	<SellWhite>true</SellWhite>
	<SellGreen>true</SellGreen>
	<SellBlue>false</SellBlue>
	<SellPurple>false</SellPurple>

	<Blackspots>
		<Blackspot X="4809.82" Y="-214.9371" Z="3.513144" Radius="10.45735" /> <!-- Iron Horde Banner up on elevated location -->
	</Blackspots>

	<Vendors>
		<Vendor Name="Forika the Seer" Entry="93178" Type="Repair" Nav="Fly" X="4567.845" Y="360.5729" Z="221.1745" /> <!-- Neutral -->
		<Vendor Name="Veetra the Tender" Entry="92069" Type="Repair" Nav="Fly" X="3527.068" Y="-763.809" Z="40.33412" /> <!-- Neutral -->
		<Vendor Name="Thaesus" Entry="90977" Type="Repair" Nav="Fly" X="3823.288" Y="-1371.474" Z="95.44617" /> <!-- Alliance -->
	</Vendors>

	<Mailboxes>
		<Mailbox X="3843.123" Y="-1341.004" Z="93.79218" />
	</Mailboxes>

	<QuestOrder>
		<!-- Insert Navigation to get to Lion's Watch or Vol'mar -->


			<CustomBehavior File="Hooks\DoWhen" ActivityName="Kill Rares" UseWhen="Me.IsAlive &amp;&amp; ObjectManager.GetObjectsOfType&lt;WoWUnit&gt;().Where(u =&gt; new[]{92552, 90884, 90936, 92429, 93264, 93076, 90434, 90519, 89675, 90887, 93028, 90888, 91727, 92647, 93125, 92941, 91695, 90094, 90777, 90429, 90437, 93279, 90438, 93002, 90442, 91374, 90782, 92194, 90885, 90024, 93236, 92887, 92606, 92694, 92977, 92574, 91087, 90122}.Contains((int)u.Entry) &amp;&amp; Navigator.CanNavigateFully(Me.Location, u.Location) &amp;&amp; u.IsAlive).OrderBy(u =&gt; u.Distance).FirstOrDefault() != null" >
				<CustomBehavior File="RunCode" Code="Logging.Write(System.Windows.Media.Colors.Yellow, &quot;[Notification]: Killing a rare.&quot;);" />
				<CustomBehavior File="KillUntilComplete"
							MobIds="92552, 90884, 90936, 92429, 93264, 93076, 90434, 90519, 89675, 90887, 93028, 90888, 91727, 92647, 93125, 92941, 91695, 90094, 90777, 90429, 90437, 93279, 90438, 93002, 90442, 91374, 90782, 92194, 90885, 90024, 93236, 92887, 92606, 92694, 92977, 92574, 91087, 90122"
							TerminateWhen="ObjectManager.GetObjectsOfType&lt;WoWUnit&gt;().Where(u =&gt; new[]{92552, 90884, 90936, 92429, 93264, 93076, 90434, 90519, 89675, 90887, 93028, 90888, 91727, 92647, 93125, 92941, 91695, 90094, 90777, 90429, 90437, 93279, 90438, 93002, 90442, 91374, 90782, 92194, 90885, 90024, 93236, 92887, 92606, 92694, 92977, 92574, 91087, 90122}.Contains((int)u.Entry) &amp;&amp; u.IsDead).OrderBy(u =&gt; u.Distance).FirstOrDefault() != null" />
			</CustomBehavior>

			<CustomBehavior File="Hooks\DoWhen" ActivityName="Grab Treasures" UseWhen="Me.IsAlive &amp;&amp; ObjectManager.GetObjectsOfType&lt;WoWGameObject&gt;().Where(o =&gt; new[]{241599, 241847, 241848, 241433, 241434, 241656, 240003, 241742, 241563, 241745, 242649, 241561, 242249, 241760, 240577, 243852, 241605, 241657, 241522, 241692, 243796, 241664, 241533, 241565, 241521, 241560, 241671, 243860, 241524, 240855, 241504, 241699, 240543, 241713, 240289, 241775, 243693, 241673, 241566, 243690, 241764, 241715, 241449, 241835, 240580, 241674, 241841, 241450, 241716, 241714, 241712, 241601, 241600, 241602}.Contains((int)o.Entry) &amp;&amp; Navigator.CanNavigateFully(Me.Location, o.Location)).OrderBy(o =&gt; o.Distance).FirstOrDefault() != null" > <!-- 241666, object behind progress barrier -->
				<CustomBehavior File="RunCode" Code="Logging.Write(System.Windows.Media.Colors.Yellow, &quot;[Notification]: Grabbing a treasure.&quot;);" />
				<CustomBehavior File="InteractWith" WaitForNpcs="false" NumOfTimes="10" ProactiveCombatStrategy="ClearMobsTargetingUs" CollectionDistance="500" PreInteractMountStrategy="Dismount" WaitTime="250"
							MobIds="241599, 241847, 241848, 241433, 241434, 241656, 240003, 241742, 241563, 241745, 242649, 241561, 242249, 241760, 240577, 243852, 241605, 241657, 241522, 241692, 243796, 241664, 241533, 241565, 241521, 241560, 241671, 243860, 241524, 240855, 241504, 241699, 240543, 241713, 240289, 241775, 243693, 241673, 241566, 243690, 241764, 241715, 241449, 241835, 240580, 241674, 241841, 241450, 241716, 241714, 241712, 241601, 241600, 241602" />
			</CustomBehavior>

		<!-- Introductory Quests -->
			<If Condition="!HasQuest(39432) &amp;&amp; !IsQuestCompleted(39432)" >
				<If Condition="Me.IsAlliance" >
					<MoveTo Nav="Fly" X="3855.364" Y="-1333.635" Z="91.09735" />
				</If>
				<If Condition="Me.IsHorde" >
					<MoveTo Nav="Fly" X="4298.418" Y="-1463.4" Z="79.44233" />
				</If>
				<PickUp Nav="Fly" QuestName="Unknowable Power" QuestId="39432" GiverName="Dawn-Seeker Krisek" GiverId="95424" />
			</If>

			<DisableBehavior Name="Pull" />
			<While Condition="!CanFly() &amp;&amp; ((HasQuest(39432) &amp;&amp; !IsQuestCompleted(39432)) || (HasQuest(39432) &amp;&amp; !IsQuestCompleted(39432) &amp;&amp; Me.IsHorde)) " >
				<CustomBehavior File="InteractWith" QuestId="39432" MobId="243796" >
					<HuntingGrounds>
						<Hotspot X="3591.789" Y="-1243.014" Z="30.88335" />
						<Hotspot X="3519.98" Y="-1232.265" Z="32.66261" />
						<Hotspot X="3583.065" Y="-978.1451" Z="2.743094" />
						<Hotspot X="3565.779" Y="-794.0433" Z="33.09205" />
						<Hotspot X="3422.37" Y="-604.8638" Z="19.66495" />
						<Hotspot X="3359.397" Y="-469.2074" Z="16.07637" />
						<Hotspot X="3170.144" Y="-413.1031" Z="19.56319" />
						<Hotspot X="3447.097" Y="70.87604" Z="162.1632" />
						<Hotspot X="3881.68" Y="816.7338" Z="152.965" />
						<Hotspot X="4103.292" Y="834.0722" Z="139.5591" />
						<Hotspot X="4257.499" Y="556.8506" Z="173.9669" />
						<Hotspot X="4327.593" Y="368.7362" Z="176.8051" /> <!-- Remove if there's a problem with the bot getting stuck -->
					</HuntingGrounds>
				</CustomBehavior>
			</While>
			<While Condition="!CanFly() &amp;&amp; HasQuest(39432) &amp;&amp; !IsQuestCompleted(39432)" >
				<CustomBehavior File="FlyTo" X="3591.789" Y="-1243.014" Z="30.88335" TerminateWhen="IsQuestCompleted(39432)" />
				<CustomBehavior File="FlyTo" X="3519.98" Y="-1232.265" Z="32.66261" TerminateWhen="IsQuestCompleted(39432)" />
				<CustomBehavior File="FlyTo" X="3583.065" Y="-978.1451" Z="2.743094" TerminateWhen="IsQuestCompleted(39432)" />
				<CustomBehavior File="FlyTo" X="3565.779" Y="-794.0433" Z="33.09205" TerminateWhen="IsQuestCompleted(39432)" />
				<CustomBehavior File="FlyTo" X="3422.37" Y="-604.8638" Z="19.66495" TerminateWhen="IsQuestCompleted(39432)" />
				<CustomBehavior File="FlyTo" X="3359.397" Y="-469.2074" Z="16.07637" TerminateWhen="IsQuestCompleted(39432)" />
				<CustomBehavior File="FlyTo" X="3170.144" Y="-413.1031" Z="19.56319" TerminateWhen="IsQuestCompleted(39432)" />
				<CustomBehavior File="FlyTo" X="3447.097" Y="70.87604" Z="162.1632" TerminateWhen="IsQuestCompleted(39432)" />
				<CustomBehavior File="FlyTo" X="3881.68" Y="816.7338" Z="152.965" TerminateWhen="IsQuestCompleted(39432)" />
				<CustomBehavior File="FlyTo" X="4103.292" Y="834.0722" Z="139.5591" TerminateWhen="IsQuestCompleted(39432)" />
				<CustomBehavior File="FlyTo" X="4257.499" Y="556.8506" Z="173.9669" TerminateWhen="IsQuestCompleted(39432)" />
				<CustomBehavior File="FlyTo" X="4327.593" Y="368.7362" Z="176.8051" TerminateWhen="IsQuestCompleted(39432)" />
			</While>
			<EnableBehavior Name="Pull" />

			<If Condition="HasQuest(39432) &amp;&amp; IsQuestCompleted(39432)" >
				<If Condition="Me.IsAlliance" >
					<MoveTo Nav="Fly" X="3855.364" Y="-1333.635" Z="91.09735" />
				</If>
				<If Condition="Me.IsHorde" >
					<MoveTo Nav="Fly" X="4298.418" Y="-1463.4" Z="79.44233" />
				</If>
				<TurnIn Nav="Fly" QuestName="Unknowable Power" QuestId="39432" TurnInName="Dawn-Seeker Krisek" TurnInId="95424" />
			</If>
		<!-- END Introductory Quests -->

		<!-- Start dailies -->
			<If Condition="!HasQuest(39433) &amp;&amp; !IsQuestCompleted(39433)" >
				<If Condition="Me.IsAlliance" >
					<MoveTo Nav="Fly" X="3855.364" Y="-1333.635" Z="91.09735" />
				</If>
				<If Condition="Me.IsHorde" >
					<MoveTo Nav="Fly" X="4298.418" Y="-1463.4" Z="79.44233" />
				</If>
				<PickUp Nav="Fly" QuestName="Unseen Influence" QuestId="39433" GiverName="Dawn-Seeker Krisek" GiverId="95424" />
			</If>
		<!-- END Start dailies -->

			<DisableBehavior Name="Pull" />
			<While Condition="!CanFly() &amp;&amp; HasQuest(39433) &amp;&amp; !IsQuestCompleted(39433)" >
				<CustomBehavior File="InteractWith" MobId="243796" NumOfTimes="1000" TerminateWhen="IsQuestCompleted(39433) || IsQuestCompleted(39433)" >
					<HuntingGrounds>
						<Hotspot X="3591.789" Y="-1243.014" Z="30.88335" />
						<Hotspot X="3519.98" Y="-1232.265" Z="32.66261" />
						<Hotspot X="3583.065" Y="-978.1451" Z="2.743094" />
						<Hotspot X="3565.779" Y="-794.0433" Z="33.09205" />
						<Hotspot X="3422.37" Y="-604.8638" Z="19.66495" />
						<Hotspot X="3359.397" Y="-469.2074" Z="16.07637" />
						<Hotspot X="3170.144" Y="-413.1031" Z="19.56319" />
						<Hotspot X="3447.097" Y="70.87604" Z="162.1632" />
						<Hotspot X="3881.68" Y="816.7338" Z="152.965" />
						<Hotspot X="4103.292" Y="834.0722" Z="139.5591" />
						<Hotspot X="4257.499" Y="556.8506" Z="173.9669" />
						<Hotspot X="4327.593" Y="368.7362" Z="176.8051" /> <!-- Remove if there's a problem with the bot getting stuck -->
					</HuntingGrounds>
				</CustomBehavior>
			</While>
			<While Condition="CanFly() &amp;&amp; (HasQuest(39433) &amp;&amp; !IsQuestCompleted(39433)" >
				<CustomBehavior File="FlyTo" X="3591.789" Y="-1243.014" Z="30.88335" TerminateWhen="IsQuestCompleted(39432)" />
				<CustomBehavior File="FlyTo" X="3519.98" Y="-1232.265" Z="32.66261" TerminateWhen="IsQuestCompleted(39432)" />
				<CustomBehavior File="FlyTo" X="3583.065" Y="-978.1451" Z="2.743094" TerminateWhen="IsQuestCompleted(39432)" />
				<CustomBehavior File="FlyTo" X="3565.779" Y="-794.0433" Z="33.09205" TerminateWhen="IsQuestCompleted(39432)" />
				<CustomBehavior File="FlyTo" X="3422.37" Y="-604.8638" Z="19.66495" TerminateWhen="IsQuestCompleted(39432)" />
				<CustomBehavior File="FlyTo" X="3359.397" Y="-469.2074" Z="16.07637" TerminateWhen="IsQuestCompleted(39432)" />
				<CustomBehavior File="FlyTo" X="3170.144" Y="-413.1031" Z="19.56319" TerminateWhen="IsQuestCompleted(39432)" />
				<CustomBehavior File="FlyTo" X="3447.097" Y="70.87604" Z="162.1632" TerminateWhen="IsQuestCompleted(39432)" />
				<CustomBehavior File="FlyTo" X="3881.68" Y="816.7338" Z="152.965" TerminateWhen="IsQuestCompleted(39432)" />
				<CustomBehavior File="FlyTo" X="4103.292" Y="834.0722" Z="139.5591" TerminateWhen="IsQuestCompleted(39432)" />
				<CustomBehavior File="FlyTo" X="4257.499" Y="556.8506" Z="173.9669" TerminateWhen="IsQuestCompleted(39432)" />
				<CustomBehavior File="FlyTo" X="4327.593" Y="368.7362" Z="176.8051" TerminateWhen="IsQuestCompleted(39432)" />
			</While>
			<EnableBehavior Name="Pull" />

			<If Condition="HasQuest(39433) &amp;&amp; IsQuestCompleted(39433)" >
				<If Condition="Me.IsAlliance" >
					<MoveTo Nav="Fly" X="3855.364" Y="-1333.635" Z="91.09735" />
				</If>
				<If Condition="Me.IsHorde" >
					<MoveTo Nav="Fly" X="4298.418" Y="-1463.4" Z="79.44233" />
				</If>
				<TurnIn Nav="Fly" QuestName="Unseen Influence" QuestId="39433" TurnInName="Dawn-Seeker Krisek" TurnInId="95424" />
			</If>




		<CustomBehavior File="RunCode" Code="Logging.Write(System.Windows.Media.Colors.Yellow, &quot;[Notification]: Order of the Awakened dailies are complete for today.&quot;);" />

	</QuestOrder>
</HBProfile>